<beans xmlns="http://www.springframework.org/schema/beans"
	xmlns:util="http://www.springframework.org/schema/util"
	xmlns:xsi="http://www.w3.org/2001/XMLSchema-instance"
	xsi:schemaLocation="http://www.springframework.org/schema/beans http://www.springframework.org/schema/beans/spring-beans-2.0.xsd http://www.springframework.org/schema/util http://www.springframework.org/schema/util/spring-util-2.0.xsd">

	<bean class="beans.CollectionBean">
		<property name="fruits">
			<list>
				<value>apple</value>
				<value>banana</value>
			</list>
		</property>
		<property name="alpL">
			<util:list list-class="java.util.LinkedList">
				<value>a</value>
				<value>b</value>
				<value>c</value>
				<value>a</value>
			</util:list>

		</property>
		<property name="alpU">
			<util:set set-class="java.util.TreeSet">
				<value>A</value>
				<value>B</value>
				<value>C</value>
				<value>B</value>
			</util:set>

		</property>
		<property name="stateCap">
			<util:map map-class="java.util.TreeMap">
				<entry key="TS" value="HYD" />
				<entry key="MH" value="MB" />
				<entry key="KA" value="BNG" />
				<entry key="TN" value="CHN" />
				<entry key="MH" value="PUNE" />
			</util:map>

		</property>








	</bean>




</beans>
