<!DOCTYPE beans PUBLIC "-//SPRING//DTD BEAN 2.0//EN"
"http://www.springframework.org/dtd/spring-beans-2.0.dtd">

<beans>

	<!-- activate @Autowired -->
	<bean class="org.springframework.beans.factory.annotation.AutowiredAnnotationBeanPostProcessor"/>

	<bean id="e1" class="beans.Engine">
		<property name="engineCC" value="1500CC" />
	</bean>
	
	<bean id="e2" class="beans.JetEngine">
		<property name="engineCC" value="2500CC" />
	</bean>
	
	

	<bean class="beans.Car" />



</beans>
