<!DOCTYPE beans PUBLIC "-//SPRING//DTD BEAN 2.0//EN"
"http://www.springframework.org/dtd/spring-beans-2.0.dtd">

<beans>

	<bean class="beans.CollectionBean">

		<property name="alpL">
			<list>
				<value>a</value>
				<value>b</value>
				<value>c</value>
				<value>a</value>
			</list>

		</property>
		<property name="alpU">
			<set>
				<value>A</value>
				<value>B</value>
				<value>C</value>
				<value>B</value>
			</set>

		</property>
		<property name="stateCap">
			<map>
				<entry key="TS" value="HYD" />
				<entry key="MH" value="MB" />
				<entry key="KA" value="BNG" />
				<entry key="TN" value="CHN" />
				<entry key="MH" value="PUNE" />
			</map>

		</property>








	</bean>




</beans>
