<!DOCTYPE beans PUBLIC "-//SPRING//DTD BEAN 2.0//EN"
"http://www.springframework.org/dtd/spring-beans-2.0.dtd">

<beans>
	<bean class="beans.Engine">
		<property name="cc" value="2000CC" />
	</bean>
	
	<bean  class="beans.Engine" autowire-candidate="false">
		<property name="cc" value="1500CC" />
	</bean>

	<bean id="tires" class="beans.Tires">
		<property name="size" value="R16-inch" />
	</bean>

	<bean id="c1" class="beans.Car" autowire="byType">
		<property name="carModel" value="2022-model"/>
	</bean>
	
	<bean id="b" class="beans.Bus" autowire="autodetect">
	
	</bean>

	<!-- <property name="engine" ref="e" /> <property name="tires" ref="t" /> -->

	<!-- <bean id="c2" class="beans.Car" autowire="byName">

	</bean> -->

</beans>
