<!DOCTYPE beans PUBLIC "-//SPRING//DTD BEAN 2.0//EN"
"http://www.springframework.org/dtd/spring-beans-2.0.dtd">

<beans>


	<bean class="beans.Test" id="t1">
		<constructor-arg value="book" type="java.lang.String" />
		<constructor-arg value="100" type="int" />

	</bean>

	<bean class="beans.Test" id="t2">
		<constructor-arg value="book" index="1" />
		<constructor-arg value="100" index="0" />

	</bean>

	<bean class="beans.Test" id="t3">
		<constructor-arg>
			<list>
				<value>102</value>
				<value>Spring</value>
			</list>
		</constructor-arg>
	</bean>


</beans>
